,node_id,hash_name
0,101,w3guc1js9krg
1,102,w3gucctw47w7
2,103,w3gu8vrdr1dt
3,104,w3gugreqq7q8
4,105,w3gtpmhj0etj
5,106,w3guej5kqpk2
6,107,w3gudm6dmcsj
7,108,w3gv0n4d5p8r
8,109,w3gv80upc8e9
9,110,w3gufghusqvm
10,111,w3gudbbw2xg8
11,112,w3gucqsg6sb2
12,113,w3gubtuh4705
13,114,w3gu9tugfbft
14,115,w3gv8fkn6ef7
15,116,w3gv2updrp6e
16,401,w3gvctftkgvs
17,402,w3gv9tx12sz7
18,403,w3gy48vde6sb
19,404,w3gy56kpjb0p
20,405,w3gy16perequ
21,406,w3gy09526uym
22,407,w3gvcgbmr36g
23,408,w3gvfnc4qzyw
24,409,w3gvcfn71c0n
25,410,w3gvcd1gj95y
26,411,w3gvbu2qy0d4
27,412,w3gvbbh4fwdm
28,501,w3guufz1hfh4
29,502,w3gum5nkjfs8
30,503,w3gusedb09xc
31,504,w3gusnb8fhyx
32,505,w3gutpsyp311
33,506,w3guuhx57fjr
34,507,w3gugesbm7sp
35,601,w3gvk4s5ysnf
36,602,w3gv7chjq2u8
37,603,w3gv5y2tcus3
38,604,w3gv5zwqsm3w
39,605,w3gv5zhjnqhw
40,606,w3gv7upf6zkg
41,607,w3gv5xq75bx7
42,608,w3gvk03mcx05
43,609,w3gv7b600kxw
44,610,w3gv7uf1b3p8
45,701,w3gvk6mwj9sk
46,702,w3gvk8780h9w
47,703,w3gvmmfu9xw2
48,704,w3gvksqqjk0n
49,705,w3gvkfgx82gs
50,706,w3gvmg4j7531
51,707,w3gvm74v3eq3
52,708,w3gvq08euc80
53,709,w3gvjqz1t92k
54,710,w3gvkz895jjp
55,711,w3gvk2grrwr6
56,801,w3gv72rb4k8q
57,802,w3gv7872nu8y
58,803,w3gv7897bceb
59,804,w3gv79k5n54m
60,805,w3gv78yr7yr6
61,806,w3gv7fdezu16
62,807,w3gv7dyrebzk
63,808,w3gv7sp47r35
64,809,w3gv7dfp80vk
65,810,w3gv76xgfk06
66,811,w3gv77d9p0hu
67,812,w3gv77vsskgw
68,813,w3gv7e89184h
69,814,w3gv7s162z7g
70,901,w3gv5vdn86zs
71,902,w3gv5yhfjxwr
72,903,w3gv5vzu6vkc
73,904,w3gvhn4f0pex
74,905,w3gv5yw7sqcw
75,906,w3gvhnbx65y9
76,907,w3gvhng3x3mh
77,908,w3gvhp650b9g
78,909,w3gvhnuzq5b3
79,910,w3gvhpuuqpb7
80,911,w3gvhprg50x5
81,912,w3gvhnrjgut3
82,913,w3gvhjwqsdgu
83,914,w3gvhmck3v63
84,915,w3gvhqkvykd9
85,1001,w3gv5teqwfbu
86,1002,w3gv5w68p6ph
87,1003,w3gv5wd58nvq
88,1004,w3gv5x1m0y5y
89,1005,w3gv5mnm5etj
90,1006,w3gv5m4tp5sv
91,1007,w3gv5msntfbh
92,1008,w3gv5q56nrwx
93,1009,w3gv5qe7wqyw
94,1010,w3gv5jjth59m
95,1011,w3gv5jtws4ck
96,1012,w3gv5nk0j6nh
97,1013,w3gv5hc32nz6
98,1014,w3gv4vrfcwh4
99,1015,w3gv4vzh6m63
100,1101,w3gv4uhzurt6
101,1102,w3gv4uupm15z
102,1103,w3gv4g9nxbm5
103,1104,w3gv4u0xbxed
104,1105,w3gv4sxg9k3v
105,1106,w3gv4v34zyj4
106,1107,w3gv4duphy9w
107,1108,w3gv4esnsb3e
108,1109,w3gv4tkfun56
109,1110,w3gv46s5s3z7
110,1111,w3gv4kp41tnj
111,1112,w3gv4kzz2cpx
112,1113,w3gv4ms0u2rr
113,1114,w3gv4qqmfks3
114,1201,w3gvhe9qd0ke
115,1202,w3guuv7d87gs
116,1203,w3gvj1db97kk
117,1204,w3gv5up45t5j
118,1205,w3gvhkb96wbd
119,1206,w3gvh1kfy0br
120,1207,w3gvh8fc29xz
121,1208,w3gvh5xbejzj
122,1209,w3gvhykvyux1
123,1210,w3gvht0t4gdv
124,1301,w3gv5u1rcpw4
125,1302,w3gv5snrgzx6
126,1303,w3gv5s56nv0v
127,1304,w3gv57r4fgwb
128,1305,w3gv54v9kh33
129,1306,w3gv4f56jfdh
130,1307,w3gufjphc37y
131,1308,w3gv5scr2c5z
132,1309,w3gv5k5ryrwd
133,1310,w3gv5hppfxsd
134,1311,w3gv5hw7ek6v
135,1312,w3gv559q80r7
136,1313,w3gv5h0d0vjv
137,1314,w3gv4fczpnwy
138,1315,w3gv488e2r36
139,1316,w3gufpq6dn6j
140,1401,w3gvtyff4mfb
141,1402,w3gvz4k2fe9h
142,1403,w3gvrwgxevgz
143,1404,w3gvwy28tww8
144,1405,w3gvqufzee7w
145,1406,w3gvqkc3u35b
146,1407,w3gvt8kyrcm9
147,1408,w3gvt3zhvs87
148,1409,w3gvtc4vd6fy
149,1410,w3gvy2u6386d
150,1411,w3gvwjvtpcew
151,1412,w3gvw537kpcv
152,1413,w3gvwbr0rqvs
153,1501,w3gv5rxydm2q
154,1502,w3gv5rt8u759
155,1503,w3gv5r5mnqnw
156,1504,w3gv5r9bzg53
157,1505,w3gv5qbx35zc
158,1506,w3gv5pnm5q4y
159,1507,w3gv5phjjqnn
160,1508,w3gv5pxy9vqq
161,1509,w3gv7256q6q8
162,1510,w3gv72kjvz05
163,1511,w3gv790t38f0
164,1512,w3gv73s0vv84
165,1513,w3gv7668pphz
166,1514,w3gv70upmqq4
167,1515,w3gv74z1dwkx
168,1601,w3gv4wk0hf1s
169,1602,w3gv4wrb161u
170,1603,w3gv4xk5hb9e
171,1604,w3gv4yrvcss1
172,1605,w3gv68zc97cv
173,1606,w3gv4yzc99kh
174,1607,w3gv5ngrq5u3
175,1608,w3gv4ygrmgf1
176,1609,w3gv4z0t0w5w
177,1610,w3gv4xr54087
178,1611,w3gv4zuhmpgg
179,1612,w3gv4yyr75bc
180,1613,w3gv4zx0f743
181,1614,w3gv6b6tyx0e
182,1615,w3gv708ebctb
183,1616,w3gv4y4dnx8x
184,1701,w3gvezzj5s5p
185,1702,w3gvdqp4csn5
186,1703,w3gvfsu4kv3t
187,1704,w3gvf3dxmukh
188,1705,w3gvdm0mzbp1
189,1706,w3gvf9meersc
190,1707,w3gvd56emxcv
191,1708,w3gvgetxkwvt
192,1709,w3gvgku4mv2j
193,1710,w3gvfgxz3wuj
194,1711,w3gvdpgmhu5x
195,1801,w3gv402mxsuv
196,1802,w3gv4hhf5mnv
197,1803,w3gv3z5ms83k
198,1804,w3gv3gjt67q3
199,1805,w3gv3wczttgz
200,1806,w3gv4pgkkzge
201,1807,w3gv38mtfph5
202,1808,w3gv1un61v0j
203,1809,w3gv1w87xnbw
204,1810,w3gv179btmct
205,1901,w3gv7vxngt54
206,1902,w3gvkn1699bj
207,1903,w3gv7vuhwrs8
208,1904,w3gve8rb6wfs
209,1905,w3gv7xpvd86s
210,1906,w3gv7z6erfc6
211,1907,w3gvebupy2s9
212,1908,w3gvs0323wbh
213,1909,w3gvs4fzb55d
214,1910,w3gv7znms23s
215,1911,w3gvkjgkxrt0
216,1912,w3gvkjmem260
217,1913,w3gvkhry5hpn
218,1914,w3gvkmd114sj
219,1915,w3gvkky3ucjb
220,1916,w3gvknupwtyz
221,1917,w3gvkqvxttur
222,1918,w3gvs0zcgnp5
223,1919,w3gvs2zpu0x9
224,1920,w3gvsfn6tx42
225,2001,w3gve9pvddfw
226,2002,w3gve9372v7g
227,2003,w3gve9vsuste
228,2004,w3gveg6erzcm
229,2005,w3gvetujn1dq
230,2006,w3gveekgmruj
231,2007,w3gvdvs1mhgg
232,2008,w3gvdymwe8zn
233,2009,w3gvek56y3wd
234,2010,w3gvejk5t6qn
235,2011,w3gvdsts72uc
236,2012,w3gvg01fzw9j
237,2013,w3gvdwzf1mcb
238,2014,w3gvererq3yd
239,2015,w3gvenrnd8uw
240,2016,w3gvemrgd62q
241,2101,w3gv7tuhwpd2
242,2102,w3gv7tx1569j
243,2103,w3gv7w6wpqxp
244,2104,w3gv7x6524v6
245,2105,w3gv7xkgm6u4
246,2106,w3gv7y283uk6
247,2107,w3gv7mtwum5d
248,2108,w3gv7qvxsmgx
249,2109,w3gv7m5mqmye
250,2110,w3gv7ky3g9j0
251,2111,w3gv7s8ecwd5
252,2112,w3gv7k72q3y9
253,2113,w3gv7k97bw9e
254,2114,w3gv7t372b7b
255,2115,w3gv7su1y142
256,2201,w3gv7m2e30rb
257,2202,w3gv7pxyczwk
258,2203,w3gv7huzserw
259,2204,w3gv7nccze94
260,2205,w3gv7hkbk9z9
261,2206,w3gv754tqg69
262,2207,w3gv7h0d2zmg
263,2208,w3gv6fvxe8zh
264,2209,w3gv6ct8gtx4
265,2210,w3gv6fccxnqz
266,2211,w3gv6u4dqx2e
267,2212,w3gv6yh4t1gv
268,2213,w3gv6wz1f586
269,2214,w3gv6tjt7mug
270,2215,w3gvdfh4tp5b
271,2301,w3gv62upkqr6
272,2302,w3gv6d68npnr
273,2303,w3gv666wjcsh
274,2304,w3gv67k5hmxq
275,2305,w3gv69tweruz
276,2306,w3gv6nupsjvr
277,2307,w3gv6hzz8emw
278,2308,w3gv6mzh9xw0
279,2309,w3gv6s3nps5n
280,2310,w3gv4rt8g54c
281,2311,w3gvd22qrcr1
282,2401,w3gvutj8jzyd
283,2402,w3gvtw2ws0gw
284,2403,w3gvss7w2n3s
285,2404,w3gvsrk5xj10
286,2405,w3gvtrzjjs0r
287,2406,w3gvtndh656e
288,2407,w3gvv31mgj5h
289,2408,w3gvvcex3sks
290,2409,w3gvvssuxgj8
291,2410,w3gvuf6n9y03
292,2411,w3gvuby6m866
293,2412,w3gvtk32e5gp
294,1,w3gv14n60f9k
295,4,w3gvct8rx12x
296,5,w3gusew2j381
297,6,w3gv7cwqsrcx
298,7,w3gvm6325p5p
299,8,w3gv7ds5yh46
300,9,w3gvhnkvyh83
301,10,w3gv5mcurv73
302,11,w3gv4s1pzxe4
303,12,w3gvhdqmtr2n
304,13,w3gv48w76xqd
305,14,w3gvwf32t12m
306,15,w3gv72cr2w3d
307,16,w3gv4zd8ye09
308,17,w3gvg1cm0nz3
309,18,w3gv1xwq9mmy
310,19,w3gvs2k0rnch
311,20,w3gvekbxcjxu
312,21,w3gv7w0d99fj
313,22,w3gv6ztwgxxh
314,23,w3gv6kg3v1jb
315,24,w3gvv032fc0f
316,2413,w3guc1md3qzb
317,2414,w3guc69gjr9t
318,2415,w3gucf3jqtk2
319,2416,w3guccq63yb0
320,2417,w3guc0znb1gn
321,2418,w3gu9jemgwdb
322,2419,w3guc4qm2v32
323,2420,w3gucekfdc6d
324,2421,w3gucehudyft
325,2422,w3gv528e3prf
326,2423,w3gv28kjfr05
327,2424,w3gv28g3dgym
328,2425,w3gtpnq0n4pu
329,2426,w3gtpkg33qg6
330,2427,w3gu9r1hw1b4
331,2428,w3gudb9fz4yv
332,2429,w3gudvsvuqt2
333,2430,w3guej6dqcdt
334,2431,w3gud5md4z0s
335,2432,w3gudm3fq9dm
336,2433,w3gugp8w2gmb
337,2434,w3guffxg1xsj
338,2435,w3gufgjsewzj
339,2436,w3gud8zb9m3g
340,2437,w3gucr1uvk18
341,2438,w3gubtyup7ne
342,2439,w3gu9ss5580b
343,2440,w3gv1w22p40s
344,2441,w3gv1w3vvsec
345,2442,w3gv9206wsqq
346,2443,w3gv90xh05en
347,2444,w3gv94jd9rpb
348,2445,w3gv28qmbpj5
349,2446,w3gv28uz3w3d
350,2447,w3gv2sz9yc02
351,2448,w3gvdn14yune
352,2449,w3gvcts1ex0f
353,2450,w3gv9txz0p31
354,2451,w3gvcwhg4y69
355,2452,w3gvcw73h0xp
356,2453,w3gy49scuh5m
357,2454,w3gvfckgsrt3
358,2455,w3gvg92e9xd1
359,2456,w3gy56kcjjcf
360,2457,w3gy56kzj01z
361,2458,w3gy1dpg253h
362,2459,w3gvcdvd64u5
363,2460,w3gvfn9uwm83
364,2461,w3gvcc3gtzw1
365,2462,w3gv9umw6qqk
366,2463,w3gv9um8d7yr
367,2464,w3gvbf3yswj3
368,2465,w3gvbbjdcntt
369,2466,w3gv4txy96cu
370,2467,w3guuuf11u8k
371,2468,w3guugjswqbt
372,2469,w3gvh0bx4hns
373,2470,w3gusshcw8uc
374,2471,w3gusee80199
375,2472,w3gutpy7vgkx
376,2473,w3guuk973f4r
377,2474,w3guuk8e6d0x
378,2475,w3gv4k06pvpj
379,2476,w3gv7gpv6gkc
380,2477,w3gv7cgkx46v
381,2478,w3gv5wxgdwfw
382,2479,w3gv7bjdkfrb
383,2480,w3gv5z6502xe
384,2481,w3gvk593180h
385,2482,w3gv4vjt5exj
386,2483,w3gv4vnm558v
387,2484,w3gv5xnm5ypq
388,2485,w3gv1bvx4knk
389,2486,w3gv1cjsfqw3
390,2487,w3gvk06jbz1g
391,2488,w3gv7bhfmdq2
392,2489,w3gv45kfg7wb
393,2490,w3gv45mdfg88
394,2491,w3gv7uq2k3c9
395,2492,w3gvkk0d6x2e
396,2493,w3gvmnes09jv
397,2494,w3gvkq8s490t
398,2495,w3gvksx5uw9g
399,2496,w3gvku4f3p65
400,2497,w3gvmezhtufw
401,2498,w3gv45xn927g
402,2499,w3gvm7654msy
403,2500,w3gvjzdydm6y
404,2501,w3gvq02tuz05
405,2502,w3gvt6ufp8em
406,2503,w3gvt6y6n0wt
407,2504,w3gvm8u38egv
408,2505,w3gvky16d3yv
409,2506,w3gv72p46fqb
410,2507,w3gv5xfsrrz5
411,2508,w3gv79d8zmx4
412,2509,w3gv78mtuxje
413,2510,w3gv7f6wpc9k
414,2511,w3gv7dry49ds
415,2512,w3gv7dvxs8vs
416,2513,w3gv7g6epv9q
417,2514,w3gv7ddezkp4
418,2515,w3gv79uut6kj
419,2516,w3gv4vhvh7tm
420,2517,w3gv4vkfuqj6
421,2518,w3gv75rg1vwq
422,2519,w3gv7ebs9sfn
423,2520,w3gv5yxgdyuy
424,2521,w3gv5vdwxfck
425,2522,w3gv5ykbjdnk
426,2523,w3gvhn161x8p
427,2524,w3gvhppv5npn
428,2525,w3gvhnqmusec
429,2526,w3gvhqe7xwzq
430,2527,w3gvhq161zdr
431,2528,w3gvhq7mzsx3
432,2529,w3gv5tfh2jm3
433,2530,w3gv5we7wyby
434,2531,w3gv5w8e9wfn
435,2532,w3gv5msbv03z
436,2533,w3gv5mq6gwj4
437,2534,w3gv5mfsrjkc
438,2535,w3gv5qk0jf0h
439,2536,w3gv5q68p4hu
440,2537,w3gv5q7mykw9
441,2538,w3gv5jsbu8rx
442,2539,w3gv5jw2g26z
443,2540,w3gu9rd8hwek
444,2541,w3gv4vt8g8rp
445,2542,w3gv4uuzk3jr
446,2543,w3guc734w124
447,2544,w3guc6cyvk98
448,2545,w3gv4eyk6dy8
449,2546,w3gv4srvc61b
450,2547,w3gv4v9nxfvh
451,2548,w3gv4ttwe6uu
452,2549,w3gv12czjk1s
453,2550,w3gv1334y0bp
454,2551,w3gv46e7t1vg
455,2552,w3gv4mnm47sm
456,2553,w3gv4ku1kqz6
457,2554,w3gv4mxbbbrx
458,2555,w3gvhe88dvfv
459,2556,w3guuve82q79
460,2557,w3guuvgs075e
461,2558,w3gvhb3mdkyv
462,2559,w3gvh5fh2fcb
463,2560,w3gvhhu1qwyf
464,2561,w3gvhhzc7nz4
465,2562,w3gvh86j9kyj
466,2563,w3gvh8g9219x
467,2564,w3gvh6bx4w8w
468,2565,w3gvhts0z27p
469,2566,w3gvhykjzst3
470,2567,w3gvht4j17wj
471,2568,w3gv5tpj579j
472,2569,w3gv5sucmqu4
473,2570,w3gv5sqmgfp2
474,2571,w3gv5sh4nj4m
475,2572,w3gv51bs2bjy
476,2573,w3gv56g3qkq9
477,2574,w3gv51888gmu
478,2575,w3guf5r4937f
479,2576,w3gv5mxndfyu
480,2577,w3gv5k3vzf52
481,2578,w3gv5k7my6n8
482,2579,w3gv5h5ryps6
483,2580,w3gv5h160jpm
484,2581,w3gv4upf1thj
485,2582,w3gv46zz0yxw
486,2583,w3gufpmddy2t
487,2584,w3gvtxpjvfde
488,2585,w3gvtwz4jvf8
489,2586,w3gvz4my9nh3
490,2587,w3gvrxt14mpp
491,2588,w3gvwwn6zu1e
492,2589,w3gvqz0tt8qs
493,2590,w3gvquf1u31b
494,2591,w3gvqk6n5sjw
495,2592,w3gvqkf1g9j8
496,2593,w3gvtkpfucd4
497,2594,w3gvts32e7vr
498,2595,w3gvt8rnmc69
499,2596,w3gvt3dc1xy2
500,2597,w3gvt8zpvbd9
501,2598,w3gvy65e430y
502,2599,w3gvy3j00fsp
503,2600,w3gvwnm08wd0
504,2601,w3gvtusk2by1
505,2602,w3gvw52ekzbj
506,2603,w3gvx00dwh2y
507,2604,w3gv72kbjh9y
508,2605,w3gv5r77n2we
509,2606,w3gv5rhjjy0n
510,2607,w3gv7268phsy
511,2608,w3gv5qczrgg3
512,2609,w3gv5ps0v7n1
513,2610,w3gv5pzh6xue
514,2611,w3gv5rgkqrye
515,2612,w3gv72kvvp1g
516,2613,w3gv794j20v2
517,2614,w3gv71twspcr
518,2615,w3gv71hjm2y0
519,2616,w3gv74zpd8us
520,2617,w3gv4tgkmmrc
521,2618,w3gv4x77j2xg
522,2619,w3gv6b8eb9e8
523,2620,w3gv68xgc39b
524,2621,w3gv4yz1d36k
525,2622,w3gv5p3gp895
526,2623,w3gv4v9yx4yu
527,2624,w3gv4zkgh2t7
528,2625,w3gv4zr542d7
529,2626,w3gv711vr8c0
530,2627,w3gv70b98gvv
531,2628,w3gvgc4tzv1k
532,2629,w3gvdnxh377g
533,2630,w3gv4tzu3m3c
534,2631,w3gvfsk0uy1t
535,2632,w3gvf4uf76yg
536,2633,w3gvf3cvnwf3
537,2634,w3gvdj9znr23
538,2635,w3gvf8kys57r
539,2636,w3gv9ukbe5ux
540,2637,w3gve8fpb0t3
541,2638,w3gvgskny0d6
542,2639,w3gvgewr7yzm
543,2640,w3gvgs28cw4j
544,2641,w3gvgmh0jzb4
545,2642,w3gvfcr5drd3
546,2643,w3gv3xxc0j1p
547,2644,w3gv1ykjgue1
548,2645,w3gv3csnezgp
549,2646,w3gv3tyk9rtb
550,2647,w3gv4n3jyuw9
551,2648,w3gv38jd64k0
552,2649,w3gv44f9ms3c
553,2650,w3gv17uh74y8
554,2651,w3gv17d8stgm
555,2652,w3gv7vvsszxb
556,2653,w3gv7ym8kurf
557,2654,w3gvkn323s24
558,2655,w3gve82w3961
559,2656,w3gve8r07qch
560,2657,w3gv7wy3ggx6
561,2658,w3gv7zjtsbru
562,2659,w3gvef6wrgc7
563,2660,w3gv7yxh595j
564,2661,w3gv7fteuupf
565,2662,w3gvs54v8j7x
566,2663,w3gvkhy3u95b
567,2664,w3gvkjxc54xj
568,2665,w3gvkm931fdm
569,2666,w3gvkkv9v9h2
570,2667,w3gvkkz1u1p8
571,2668,w3gvkntsj34j
572,2669,w3gvkr9qczdk
573,2670,w3gvkqyrsvvz
574,2671,w3gvs2b9fw0e
575,2672,w3gvs2169u6q
576,2673,w3gvsffzc544
577,2674,w3gvk59qcd81
578,2675,w3gvec0t9fuq
579,2676,w3gve9uuvks5
580,2677,w3gvedxu4w68
581,2678,w3gvew8s3e65
582,2679,w3gvdrhju6x7
583,2680,w3gvdv4ty809
584,2681,w3gvdzhvu6t7
585,2682,w3gvdyts7er5
586,2683,w3gve79zpuer
587,2684,w3gvej1vz811
588,2685,w3gvdscfnghx
589,2686,w3gvepspm3y4
590,2687,w3gvdwrnd0bq
591,2688,w3gveppb1bnm
592,2689,w3gvere3qrqt
593,2690,w3gvepr5dth8
594,2691,w3gvemxz4r23
595,2692,w3gv7w56wcbv
596,2693,w3gv7vmekbrb
597,2694,w3gv7wkyjqsp
598,2695,w3gv7wdsp3pj
599,2696,w3gve2p4duqy
600,2697,w3gv7y9k11nj
601,2698,w3gv7mt9h6et
602,2699,w3gv7q56w3yt
603,2700,w3gv7m77q2q8
604,2701,w3gv7s2w1s4n
605,2702,w3gv75wqg6dc
606,2703,w3gv7sb9c940
607,2704,w3gv7nq27k6f
608,2705,w3gv7jrg3bq2
609,2706,w3gv7r0t90ru
610,2707,w3gv7jfswzd8
611,2708,w3gv7hh4mrq5
612,2709,w3gv74sguspd
613,2710,w3gv6gpj6763
614,2711,w3gv6ghvk7m3
615,2712,w3gv6cd8yt8d
616,2713,w3gv6fs5vh5f
617,2714,w3gv6gvseszn
618,2715,w3gv6v6eq828
619,2716,w3gv6wry1q9z
620,2717,w3gv6syrdeqw
621,2718,w3gv62ucegcj
622,2719,w3gv69syspgr
623,2720,w3gv6d4dqhy6
624,2721,w3gv66k0hrpr
625,2722,w3gv66fxtbuh
626,2723,w3gv6jykdpd0
627,2724,w3gv6nu1u5t6
628,2725,w3gv6hz1c35b
629,2726,w3gv6qxh19nj
630,2727,w3gv6kk0k3z3
631,2728,w3gv4qzz2gz9
632,2729,w3gvd29unedq
633,2730,w3gvd23nr32c
634,2731,w3gvug401v22
635,2732,w3gvtmxpjx23
636,2733,w3gvsskbweuz
637,2734,w3gvsqm8tws2
638,2735,w3gvtrkgxt52
639,2736,w3gvtj897kz7
640,2737,w3gvv2es3jbh
641,2738,w3gvvfdhe03n
642,2739,w3gvve5tcrdq
643,2740,w3gvvssk8e5b
644,2741,w3gvuf6y9n41
645,2742,w3gvucxcs1vx
646,2743,w3gucdkj7t2b
647,2744,w3gv4t8w86ck
648,2745,w3gtrguh9kcw
649,2746,w3gudvugu2vm
650,2747,w3gu9r34qh0p
651,2748,w3gv1chugns9
652,2749,w3gv9c35qtk7
653,2750,w3gv9bczvbw1
654,2751,w3gv45hjh1j7
655,2752,w3gv455mhc5e
656,2753,w3gv3k3nnh0n
657,2754,w3gv9tw33kvg
658,2755,w3gvfu68yw0t
659,2756,w3gy49t9gkhv
660,2757,w3gvcehb4v68
661,2758,w3gvcbjdfqwm
662,2759,w3gvcvftm5zu
663,2760,w3gvcdr0bexk
664,2761,w3gvhtk4zq54
665,2762,w3gustfgb8zv
666,2763,w3gusw4c8erf
667,2764,w3gutpveye6z
668,2765,w3gvk44f2hgd
669,2766,w3gv7bv9sgzv
670,2767,w3gvh10sfnw9
671,2768,w3gv5zykkrce
672,2769,w3gv5zeqxj6y
673,2770,w3gvk0f18gcv
674,2771,w3gv7bs5y3s8
675,2772,w3gvmhsgzq95
676,2773,w3gvkew3j20h
677,2774,w3gvm7gs9hbn
678,2775,w3gvkmwquvjf
679,2776,w3gvhn321d0h
680,2777,w3gvhpe2z7j1
681,2778,w3gvhpw2ue5c
682,2779,w3gvhpsywj2q
683,2780,w3gv5mdwx4uu
684,2781,w3gv5j4tngdt
685,2782,w3gv5nkbhdps
686,2783,w3gucsyqcrjc
687,2784,w3gvh3r4u0zx
688,2785,w3gvh3ykkbjy
689,2786,w3guuz7d8q7t
690,2787,w3gv58fp0hjk
691,2788,w3gvhk0d4t0t
692,2789,w3gv58zp5k1h
693,2790,w3gv5c9q3jy1
694,2791,w3gv5u0d1vhm
695,2792,w3gv5u2tcfh2
696,2793,w3gv5t5mng8v
697,2794,w3gv420rzfrp
698,2795,w3gvtx4vf48e
699,2796,w3gvts9k72v3
700,2797,w3gvtppvu6xg
701,2798,w3gvtgtxps9r
702,2799,w3gv5qu1tc2h
703,2800,w3gv5r37089e
704,2801,w3gv5qc3893s
705,2802,w3gv5nu1t3qh
706,2803,w3gv71wqerfz
707,2804,w3gv709gz990
708,2805,w3gv4z9yxjqy
709,2806,w3gv1b1pydkr
710,2807,w3gv1b3vtuyj
711,2808,w3gvd577kzgt
712,2809,w3gv7tck8zeb
713,2810,w3gv7w4481vm
714,2811,w3gvfgermyfj
715,2812,w3gv4tbs2m33
716,2813,w3gv4puhkpv7
717,2814,w3gvkn8s41nt
718,2815,w3gv7ysuj9nm
719,2816,w3gvknc3ce84
720,2817,w3gvkq9k1c4m
721,2818,w3gv4kdetukj
722,2819,w3gv7qjds3gt
723,2820,w3gv7q0d91zv
724,2821,w3gv7pzhfdh9
725,2822,w3gv6fxgcsh4
726,2823,w3gv6gykehby
727,2824,w3gv6un67p2g
728,2825,w3gv6wjde3uv
729,2826,w3gv6s7qjkpy
730,2827,w3gvtrk78m1b
731,2828,w3gvvt4b4pbd
732,2829,w3gucemdd1k4
733,2830,w3gu9j4skr30
734,2831,w3gve9spn44q
735,2832,w3gvg7pb4m22
736,2833,w3gvk4vxt2fh
737,2834,w3gvkqhfw3ft
738,2835,w3gvk0g3x7vj
739,2836,w3gv5md8z0kz
740,2837,w3gv54bx0yty
741,2838,w3gv542t8zmy
742,2839,w3gv5kupmc0p
743,2840,w3gv62r01swn
744,2841,w3gv62xgbcx8
745,2842,w3gv6vpv3tu5
746,2843,w3gv7nry1ywr
747,2844,w3gvtr5tc485
748,2845,w3gv52b931xz
749,2846,w3gugp9q25r2
750,2847,w3gucsv94hsh
751,2848,w3guc726w9q6
752,2849,w3gucgw23g8p
753,2850,w3gucgwq1y0h
754,2851,w3gv7bu1w7ut
755,2852,w3gv7b321hwn
756,2853,w3gvcmw39p5d
757,2854,w3gvk0fc85gt
758,2855,w3gy4cbt88gx
759,2856,w3gvcs1gjegb
760,2857,w3gv7b281usq
761,2858,w3gv7u97cnw5
762,2859,w3gvkwrb7u76
763,2860,w3gv780d3d60
764,2861,w3gv7u283cu3
765,2862,w3gv7d4drkz4
766,2863,w3gv76x5funf
767,2864,w3gv778910pu
768,2865,w3gv7kn67xm5
769,2866,w3gv77zudkbq
770,2867,w3gv7ednb4t3
771,2868,w3gv5tuummk1
772,2869,w3gv5w6jbht3
773,2870,w3gv7b3mcpn5
774,2871,w3gv5x92bg5c
775,2872,w3gv5qn65xtp
776,2873,w3gv53pufq83
777,2874,w3gv563vxz7q
778,2875,w3gv5muumj3c
779,2876,w3gv5j1vpe9j
780,2877,w3gv4vpv1esj
781,2878,w3gv4kxg8urt
782,2879,w3gv4kupk3pr
783,2880,w3gv4qr01dnh
784,2881,w3guf7eqjnju
785,2882,w3gv5sbx394p
786,2883,w3gv4gzu3du0
787,2884,w3gv42ppcdqp
788,2885,w3gucwp1btx2
789,2886,w3gvty3qe8zw
790,2887,w3gvk0c39ebj
791,2888,w3gvtxq7wt0b
792,2889,w3gvtxhvzfte
793,2890,w3gvmu447p35
794,2891,w3gvt8xhjgdw
795,2892,w3gvt8yry88c
796,2893,w3gv5qzz67b3
797,2894,w3gv5r9q8t3w
798,2895,w3gv70xgccw2
799,2896,w3gv68p46422
800,2897,w3gvg86n85mr
801,2898,w3gvg91mbv5u
802,2899,w3gvgch0n6sx
803,2900,w3gvf457hc5w
804,2901,w3gvdhuzgmwu
805,2902,w3gvfcspmh7u
806,2903,w3gvf0ts6vbs
807,2904,w3gucz82x2ff
808,2905,w3gv18pf0014
809,2906,w3gv139bt73s
810,2907,w3gvebc3cnn5
811,2908,w3gveb602qzs
812,2909,w3gv7zsnyrss
813,2910,w3gvecspn6hw
814,2911,w3gv7zuuvdn3
815,2912,w3gv7zhvt8qk
816,2913,w3gvkh3q1s0n
817,2914,w3gv7ytshcpv
818,2915,w3gvhp6g00ee
819,2916,w3gvs3pvedcq
820,2917,w3gve8322ygu
821,2918,w3gvedzzfe4d
822,2919,w3gveemekxvt
823,2920,w3gvduupvjeu
824,2921,w3gvek68x5uz
825,2922,w3gvehshm2y1
826,2923,w3gvdtxp4p23
827,2924,w3gvepcm0hpr
828,2925,w3gvdwjdgkhg
829,2926,w3gvepx16xkt
830,2927,w3gv7tdwzmp4
831,2928,w3gv7thjqjf7
832,2929,w3gv7w9k0c5v
833,2930,w3gv7wcr8vgz
834,2931,w3gv7mpj6vyg
835,2932,w3gv7sc3bc5b
836,2933,w3gv7kknju0n
837,2934,w3gv7kf9z1hb
838,2935,w3gv7m0t3jzg
839,2936,w3gv7nqq5qdz
840,2937,w3gv7bzcdguv
841,2938,w3gv719q8pzr
842,2939,w3gv6dxgck1f
843,2940,w3gv6ykyhqtr
844,2941,w3gv698w8rcr
845,2942,w3gv6wczwvux
846,2943,w3gvd2fxvbs1
847,2944,w3gvsrn2hbjv
848,2945,w3gtrggk9uzy
849,2946,w3gv4uyr710z
850,2947,w3gucqccjr1t
851,2948,w3gv28k04k8n
852,2949,w3gv07uh3fvb
853,2950,w3gv90jd9kry
854,2951,w3gv9zuj5u5p
855,2952,w3gvcbm8f3n6
856,2953,w3gvcy15nwk3
857,2954,w3gvcy07pq6c
858,2955,w3gv9trg843n
859,2956,w3guuugwbr59
860,2957,w3gv7bm8huxy
861,2958,w3guv0p1tjyh
862,2959,w3gv7exng691
863,2960,w3gvkmx1h4xt
864,2961,w3gvm99qervr
865,2962,w3gvm35t30b0
866,2963,w3gv7fe7zh4f
867,2964,w3gvdn3bwq82
868,2965,w3gv76w7gsj4
869,2966,w3gv75xc1bnk
870,2967,w3gv7km8k3g9
871,2968,w3gv7e9qbfec
872,2969,w3gvhppj5yjq
873,2970,w3gvhqkjzh91
874,2971,w3gv4mxy8fzs
875,2972,w3gv4muhkmr3
876,2973,w3gv4myk6mk3
877,2974,w3gvh6ucqk69
878,2975,w3gvhtmdvynd
879,2976,w3gvht2dfy4f
880,2977,w3gv1w3jykd3
881,2978,w3gufnv94z0t
882,2979,w3gvtwtsr5r7
883,2980,w3gvrwurejvx
884,2981,w3gvtrhvzde7
885,2982,w3gvqxjv882h
886,2983,w3gvqwvz8tbp
887,2984,w3gvqk3qhk5y
888,2985,w3gvt8kq297c
889,2986,w3gvtcdp541n
890,2987,w3gvwk8sm0f3
891,2988,w3gvx0f1uwh5
892,2989,w3gv4txnd4bk
893,2990,w3gv9zvt4knr
894,2991,w3gv70ccxecj
895,2992,w3gvdwbd0mc2
896,2993,w3gv9z10n8hm
897,2994,w3gvf1s1s1vr
898,2995,w3gvfg9pryvj
899,2996,w3gv1bw73z24
900,2997,w3gv1vchqtk3
901,2998,w3gv45chqfy8
902,2999,w3gv93sc4xb2
903,3000,w3gv9bky71k9
904,3001,w3gv98fxubt9
905,3002,w3gv1ys5eygn
906,3003,w3gv1gvs66y2
907,3004,w3gv1kh45jnt
908,3005,w3gv7yqqhq9x
909,3006,w3gvebb9cyh7
910,3007,w3gv7zeqzpdu
911,3008,w3gvec2e3vk7
912,3009,w3gv7zq7k6cd
913,3010,w3gvedcrbg5f
914,3011,w3gvedpfdx48
915,3012,w3gvedtshwm8
916,3013,w3gvd6jdep4b
917,3014,w3gvd6mw75fg
918,3015,w3gvedu4n0dm
919,3016,w3gvdwk0sy98
920,3017,w3gvg1rg9zw3
921,3018,w3gvehmwkn3k
922,3019,w3gv7kkyjh1y
923,3020,w3gv7m1m2tce
924,3021,w3gv7jw356dv
925,3022,w3gv7n68qu6d
926,3023,w3gv6fzz98uh
927,3024,w3gv6gx1424k
928,3025,w3gv6dzpd0bk
929,3026,w3gv6sw7fwwe
930,3027,w3gv6yknjnez
931,3028,w3gv6tykdxw8
932,3029,w3gv4mxn9dyh
933,3030,w3gv69snszcx
934,3031,w3gv6djd7kuf
935,3032,w3gv6pw34j4p
936,3033,w3gv6m91p68v
937,3034,w3gv4q4djzsp
938,3035,w3gvd0rb2wvs
939,3036,w3gv7nn6e3fv
940,3037,w3gvu3x1s1zx
941,3038,w3gvu9dz2sru
942,3039,w3gvsrj8j8hm
943,3040,w3gvv88skjgs
944,3041,w3gvve4jfxxn
945,3042,w3gud5q64p4h
946,3043,w3gu9njx3mzb
947,3044,w3gu9ubqxkfg
948,3045,w3gv6x91pt5p
949,3046,w3gvc191t9vz
950,3047,w3gugp0sbujb
951,3048,w3gugp888bvf
952,3049,w3gv7bkjyrhe
953,3050,w3gv72qmgxj5
954,3051,w3gv5xuhqpf7
955,3052,w3gv72zcd7bm
956,3053,w3gv5y72p44u
957,3054,w3gv5vuhqmk9
958,3055,w3gvhj92c82p
959,3056,w3gvhjdbb07x
960,3057,w3gv5yz1e97h
961,3058,w3gvhjsby02r
962,3059,w3gvhmd0c0kp
963,3060,w3gv4echrdg0
964,3061,w3gv4s95xs7j
965,3062,w3gvhhh4ntnv
966,3063,w3gv5kkjvf00
967,3064,w3gufpt8dbbd
968,3065,w3gvtt1mg2j3
969,3066,w3gvtt0tu059
970,3067,w3gv5ruumpcg
971,3068,w3gv72s5vc80
972,3069,w3gvfc4tyt0s
973,3070,w3gvd71vwt6r
974,3071,w3gv4014nbnd
975,3072,w3gv45t8dvbt
976,3073,w3gv6j9cn68m
977,3074,w3gv3us5gye5
978,3075,w3gv6qz1cew4
979,3076,w3gv3c82zmdf
980,3077,w3gv1qm81f1u
981,3078,w3gv1qjd1z9z
982,3079,w3gvknrb7hr4
983,3080,w3gvkjs1ndwv
984,3081,w3gve88s1edn
985,3082,w3gvedfdp2xj
986,3083,w3gven3q80zq
987,3084,w3gvepbt0ujz
988,3085,w3gvex120b5v
989,3086,w3gv6dczwbus
990,3087,w3gv6nm86u2d
991,3088,w3gv4qucec3h
992,3089,w3gvy0c6k03f
993,3090,w3gud4zy8dm9
994,3091,w3gv68r04h8q
995,3092,w3gvdjdxjx3c
996,3093,w3gvudwkt22n
997,3094,w3gvk4qqh9eu
998,3095,w3gvk2g3xezm
999,3096,w3guc687nxwm
1000,3097,w3gucr4sus52
1001,3098,w3gv4szp610r
1002,3099,w3guctnkc3my
1003,3100,w3gv1t9bv87z
1004,3101,w3gvudk0z7eh
1005,3102,w3gv687mvrpg
1006,3103,w3gv68kbhheq
1007,3104,w3gvdn3yw2bq
1008,3105,w3gv929hn58n
1009,3106,w3gv1vr4cn1d
1010,3107,w3gvebzpg8e1
1011,3108,w3gvs03q3921
1012,3109,w3gvfcs1t1gz
1013,3110,w3gvenr0dws8
1014,3111,w3gvemx16uyg
1015,3112,w3gv688eb392
1016,3113,w3gv61pj32gb
1017,3114,w3gv1zuh7zg5
1018,3115,w3gv3bhf74k8
1019,3116,w3gv6m3gq862
1020,3117,w3gv6kuzeg3n
1021,3118,w3gvd0ry29m9
1022,3119,w3gubtzsng07
1023,3120,w3gvk1mej74j
1024,3121,w3gv7sry4s4w
1025,3122,w3guc5xn0n5h
1026,3123,w3gv4ue7tu6j
1027,3124,w3gv471jp30g
1028,3125,w3gv47w2dmum
1029,3126,w3gufp8qrekb
1030,3127,w3gv6uw7gn8g
1031,3128,w3gvtjd16hfe
1032,3129,w3gvbfhg1c5y
1033,3130,w3gvbf9us8mq
1034,3131,w3gvcw57hnr1
1035,3132,w3gvg9e3wcbz
1036,3133,w3gvg9fj0nv3
1037,3134,w3gvcbkbg1hd
1038,3135,w3gvccpvbm5k
1039,3136,w3gv7cxydzuz
1040,3137,w3gv7bfxry36
1041,3138,w3gv7f8ecuh6
1042,3139,w3gv7bg3x5fv
1043,3140,w3gvd3w34ru2
1044,3141,w3gv7f321pnp
1045,3142,w3gv78600htq
1046,3143,w3gv78e7yc8b
1047,3144,w3gv79x0gm94
1048,3145,w3gv7ekgjmsn
1049,3146,w3gvd3sc5zc0
1050,3147,w3gvhqd59nun
1051,3148,w3gv5wkjyhd3
1052,3149,w3gv5w978ygy
1053,3150,w3gv5mrffq06
1054,3151,w3gv7n56w1um
1055,3152,w3gv5m9yxfgk
1056,3153,w3gv5q72n6ns
1057,3154,w3gv5q3vzue3
1058,3155,w3gv5nhfhxxx
1059,3156,w3gv5nkjvkw1
1060,3157,w3gv4ufxq90x
1061,3158,w3gv4sg3mqzf
1062,3159,w3gv4tchrt71
1063,3160,w3gv4khpurx6
1064,3161,w3gv4s8e8k3m
1065,3162,w3gv4qzc8crs
1066,3163,w3gvhe0t4c4g
1067,3164,w3gvhjr4gyj6
1068,3165,w3gvh4zz5nxn
1069,3166,w3gvht64cqn4
1070,3167,w3gv5u8e9ukm
1071,3168,w3gufq4xtzun
1072,3169,w3gv5hn65m4v
1073,3170,w3gv4g3fz5wb
1074,3171,w3gv383jyr47
1075,3172,w3gv6x8wbr9k
1076,3173,w3gv73pv62b2
1077,3174,w3gv72u1tgbj
1078,3175,w3gv7kp46zqg
1079,3176,w3gv74y3eq6z
1080,3177,w3gv4w4dnpwr
1081,3178,w3gv4tzh6j23
1082,3179,w3gv4yqmgh8c
1083,3180,w3gv68n66dq8
1084,3181,w3gv4zk5j0eg
1085,3182,w3gv6bn6742b
1086,3183,w3gv4zxy9tkn
1087,3184,w3gv6bu1t5gv
1088,3185,w3gvfsq2fwnt
1089,3186,w3gvf98x2k3k
1090,3187,w3gvd10mxduy
1091,3188,w3gvf0su7myu
1092,3189,w3gv9c27rm6g
1093,3190,w3gvd2ry2cr9
1094,3191,w3gv3u06rr6g
1095,3192,w3gv4psyemqy
1096,3193,w3gv7c3715nj
1097,3194,w3gvdtujhc9w
1098,3195,w3gvep3gxt10
1099,3196,w3gv7kg3y3n8
1100,3197,w3gv7jvssp92
1101,3198,w3gv6wkyhner
1102,3199,w3gv635mm0vb
1103,3200,w3gv6d9gyuhd
1104,3201,w3gv6wg3v7xf
1105,3202,w3gv6s6wnhnq
1106,3203,w3gv4rzh3xy5
1107,3204,w3gvv393e1gp
1108,3205,w3gv2ub3y140
1109,3206,w3gv3hyr8g3q
1110,3207,w3gv5jvskj33
1111,3208,w3gvhhd58u3v
1112,3209,w3gv5tq6gyp6
1113,3210,w3gv3830nkdq
1114,3211,w3gv4y6tys89
1115,3212,w3gv1vx0c03x
1116,3213,w3gv60upknm6
1117,3214,w3gvg3mesre9
1118,3215,w3gv65xybdt9
1119,3216,w3gvtpwrmcud
1120,3217,w3gvcbkneg7p
1121,3218,w3gvcbhfgnst
1122,3219,w3gy49xpdn86
1123,3220,w3gy4f0e2e7s
1124,3221,w3gvcc91w9ur
1125,3222,w3gvctcjq7fk
1126,3223,w3gvbfdsebqy
1127,3224,w3gvcmnq145x
1128,3225,w3gvf44ej91y
1129,3226,w3gv7ukyjsnq
1130,3227,w3gvket9jbns
1131,3228,w3gvktxygv56
1132,3229,w3gv79sytrup
1133,3230,w3gv5n7myhs3
1134,3231,w3gvhsjdjvnt
1135,3232,w3gvh5hjn9ng
1136,3233,w3gv5k9gxu7m
1137,3234,w3gv43wq6mu3
1138,3235,w3gv4xwqdtqw
1139,3236,w3gv4wzz37cc
1140,3237,w3gv4z88be59
1141,3238,w3gvf46wtw1c
1142,3239,w3gvf4knsnj3
1143,3240,w3gvdhqq6n6h
1144,3241,w3gveddspqr0
1145,3242,w3gvgs2wc8d4
1146,3243,w3gvfug6mv6j
1147,3244,w3gv3cxn9pcx
1148,3245,w3gv3wjdd1uj
1149,3246,w3gv61t8fv8d
1150,3247,w3gv38c1w7fm
1151,3248,w3gveb323nyh
1152,3249,w3gvdtuvh1eq
1153,3250,w3gv7meqymnd
1154,3251,w3gv7q1fxcgm
1155,3252,w3gv6ux5fqd7
1156,3253,w3gv6supsg3w
1157,3254,w3gvd6fdjbsj
1158,3255,w3gv64z19q7z
1159,3256,w3gv6ptwfz8s
1160,3257,w3gv6w68qhq6
1161,3258,w3gvfu7qvbd4
1162,3259,w3gy49xz9q9f
1163,3260,w3gvf468ve9u
1164,3261,w3gvf0rn977z
1165,3262,w3gv6tx1448m
1166,3263,w3gv6txycm1f
1167,3264,w3gv6x1jx87h
1168,3265,w3gvk12e45nt
1169,3266,w3gvhnh4nxwz
1170,3267,w3gv4qq246hk
1171,3268,w3gv4vwqe4bu
1172,3269,w3gvf230z30f
1173,3270,w3gvf214zq8v
1174,3271,w3gv4yzp67f3
1175,3272,w3gv4y14pztp
1176,3273,w3gvd6cpz70f
1177,3274,w3gvd6grv5jf
1178,3275,w3gv9uhfg1sd
1179,3276,w3gv6v91pftj
1180,3277,w3gve99r0f5y
1181,3278,w3gv75uusszw
1182,3279,w3gv6etwg6sc
1183,3280,w3gvtqjdyuj5
1184,3281,w3gv7npf9cym
1185,3282,w3gy494wnpq6
1186,3283,w3gvcwn71qmc
1187,3284,w3gvfndstt9c
1188,3285,w3gvf51vyr8q
1189,3286,w3gv7frb4zhz
1190,3287,w3gv7czhed7j
1191,3288,w3gvk0b9d5yt
1192,3289,w3gv7uucv9n2
1193,3290,w3gv7ue7zndg
1194,3291,w3gv7fuzt8yk
1195,3292,w3gv7fupw2us
1196,3293,w3gv78uzmqk4
1197,3294,w3gv7gd9pb1k
1198,3295,w3gv7u442rre
1199,3296,w3gv7dd5bhj6
1200,3297,w3gvcrkgfx0q
1201,3298,w3gvcqcfmrcw
1202,3299,w3gv7s0d3x65
1203,3300,w3gv7bkvvxn7
1204,3301,w3gvhnd58ycy
1205,3302,w3gvhjuuqj23
1206,3303,w3gv5w56nz8z
1207,3304,w3gv7be7z1db
1208,3305,w3gv5mtws6gs
1209,3306,w3gv5me2y2qx
1210,3307,w3gv7yucvew6
1211,3308,w3gv5qs5tybn
1212,3309,w3gv5juhmmq1
1213,3310,w3gv5jd8yb6x
1214,3311,w3gv4syr69nx
1215,3312,w3gv4tx0f02r
1216,3313,w3gv62z19eyj
1217,3314,w3gv62rjcxn5
1218,3315,w3gv7zkgmdy6
1219,3316,w3gv5rwqetmn
1220,3317,w3gv72n67dm0
1221,3318,w3gv72sgv19b
1222,3319,w3gvfbrnd76r
1223,3320,w3gv5n3vzs91
1224,3321,w3gvdqn6fkh7
1225,3322,w3gvdkky7y3h
1226,3323,w3gvf8ts7muu
1227,3324,w3gvbdshd22n
1228,3325,w3gvgt6ezkxh
1229,3326,w3gvcwk1588z
1230,3327,w3gvfgcjrcm5
1231,3328,w3gvdrxz2czd
1232,3329,w3gv7vtwuvpf
1233,3330,w3gv7g77pjdy
1234,3331,w3gvg7pvfr8q
1235,3332,w3gvedzpg714
1236,3333,w3gveejtstmx
1237,3334,w3gvekh4vc84
1238,3335,w3gvejpjf8h9
1239,3336,w3gvepzj4shx
1240,3337,w3gvepym5k4z
1241,3338,w3gvdwry92cy
1242,3339,w3gv7vjtkvzg
1243,3340,w3gv7wbx9tfp
1244,3341,w3gv7qn6e9vj
1245,3342,w3gv7qrn4ywz
1246,3343,w3gv7px14thx
1247,3344,w3gv7ny3g7df
1248,3345,w3gv7h8ebytg
1249,3346,w3gv6sgrt7ry
1250,3347,w3gv69bs863m
1251,3348,w3gv6nkb7kqf
1252,3349,w3gvd2ccyw47
1253,3350,w3gvecuuvsw7
1254,3351,w3gvk0ucw5bm
1255,3352,w3gvk456rkv4
1256,3353,w3gv7gnmk739
1257,3354,w3gvk46n0c9u
1258,3355,w3gvk4600z1z
1259,3356,w3gvkk7qpspq
1260,3357,w3gvk1sywpbr
1261,3358,w3gvk1vst66j
1262,3359,w3gve91m8fgy
1263,3360,w3gv7fvxsbzu
1264,3361,w3gv5xgkqzbg
1265,3362,w3gv7gmehvxy
1266,3363,w3gv7ek5njdq
1267,3364,w3gv7db99w6p
1268,3365,w3gv7sv9u9j8
1269,3366,w3gvk4442ucf
1270,3367,w3gvhp4j0y1y
1271,3368,w3gvk1hvq0b2
1272,3369,w3gv5q4dppsz
1273,3370,w3gv5m9bzb7r
1274,3371,w3gv6vrg38k0
1275,3372,w3gvh9xbeg7k
1276,3373,w3gvhtd0c2qp
1277,3374,w3gv556dygd8
1278,3375,w3gvg9378zec
1279,3376,w3gv1f3jwxkq
1280,3377,w3gvwx4vg697
1281,3378,w3gv70f9wgft
1282,3379,w3gv6bk0jhey
1283,3380,w3gv5p0t0yjy
1284,3381,w3gv4ys5tngy
1285,3382,w3gvf81fyyst
1286,3383,w3gvdn56uu5e
1287,3384,w3gvdnmwdbbw
1288,3385,w3gv6r77m4vf
1289,3386,w3gve7zufr0k
1290,3387,w3gve7xz4k8r
1291,3388,w3gvee372zgv
1292,3389,w3gv7geqz4dc
1293,3390,w3gv7gsny6s9
1294,3391,w3gv7fzcdykz
1295,3392,w3gved3q2ggg
1296,3393,w3gvejcm01xq
1297,3394,w3gvehczzt9h
1298,3395,w3gvdsczyvss
1299,3396,w3gveq9urg77
1300,3397,w3gv7nmwhn9r
1301,3398,w3gv7qbx9jzz
1302,3399,w3gv74280zjz
1303,3400,w3gv6szcc31b
1304,3401,w3gv6np493gv
1305,3402,w3gv7rykgdj1
1306,3403,w3gy1drc0jc4
1307,3404,w3gvct52hpz4
1308,3405,w3gvcc1vvvnh
1309,3406,w3gv4q56jptz
1310,3407,w3gv9zpvb6e7
1311,3408,w3gy08uf9d98
1312,3409,w3gvcuvd6mqm
1313,3410,w3gv7c4j22z8
1314,3411,w3gv6uz1f342
1315,3412,w3gvfn2qzehu
1316,3413,w3gvcvcvmgyh
1317,3414,w3gvcbmwd7qr
1318,3415,w3gv92u1gnne
1319,3416,w3gvf47qsy59
1320,3417,w3gv7fxgfuhf
1321,3418,w3gv7097b1x2
1322,3419,w3gv5rkgj09g
1323,3420,w3gve9xc4xf8
1324,3421,w3gvd5me6zbt
1325,3422,w3gv9ujdf3w6
1326,3423,w3gvc183w3up
1327,3424,w3guufw7jxdm
1328,3425,w3guu7w2kgtz
1329,3426,w3guu7mdt9k6
1330,3427,w3guukd534hp
1331,3428,w3gv5jq6gq4f
1332,3429,w3guuuunzxj3
1333,3430,w3gv4ug3myf4
1334,3431,w3gv4epj4107
1335,3432,w3gv4veqtffh
1336,3433,w3gvhewqt225
1337,3434,w3gvh9xy7vg3
1338,3435,w3gv5cpufysc
1339,3436,w3gv56kjtz2n
1340,3437,w3gv5hhpvrw4
1341,3438,w3gv5quzm5cc
1342,3439,w3gv5rs0vg01
1343,3440,w3gv5psystrw
1344,3441,w3gv5ruhmzb5
1345,3442,w3gv78z1e7cj
1346,3443,w3gv5jfsqv69
1347,3444,w3gv5p2e0btg
1348,3445,w3gv4zcurpyg
1349,3446,w3gv6bp46662
1350,3447,w3gv4zzu3xu5
1351,3448,w3gv6bsgu3t2
1352,3449,w3gv70c385zm
1353,3450,w3gv9bz1cn1e
1354,3451,w3gv65uuekyy
1355,3452,w3gv68jd76kb
1356,3453,w3gv38pf2430
1357,3454,w3gv7mcuxze2
1358,3455,w3gv7jr568k8
1359,3456,w3gv6bupmn7f
1360,3457,w3gv6su1uc18
1361,3458,w3gv67uueucn
1362,3459,w3gv6c9yxpyz
1363,3460,w3gv6jvsdz88
1364,3461,w3gv6t77m2rb
1365,3462,w3gv7bkbjswq
1366,3463,w3gv7bteucxb
1367,3464,w3gv7fd5bkpd
1368,3465,w3gv5yzcdcku
1369,3466,w3gvhh6jbf1b
1370,3467,w3gv7bp47d70
1371,3468,w3gvh40d44ws
1372,3469,w3guv0jxw86c
1373,3470,w3gvh536ce80
1374,3471,w3gv4fs5t1gg
1375,3472,w3gv5j9yxdch
1376,3473,w3gvdn3nwbyw
1377,3474,w3gvebm8kyzu
1378,3475,w3gvhn600f1u
1379,3476,w3gv6ebs8kcq
1380,3477,w3gvv2wkqjys
1381,3478,w3gutpzgu7rz
1382,3479,w3gv4k1pzr8f
1383,3480,w3guu7q6scmf
1384,3481,w3guuuh1zdvr
1385,3482,w3gvh2pzgd3r
1386,3483,w3gvk1uuw42m
1387,3484,w3gv5xrg48de
1388,3485,w3gvk02tfpne
1389,3486,w3gvk8k0pken
1390,3487,w3gvk5nmke7c
1391,3488,w3gv7gjtkgrc
1392,3489,w3gv7dy3eyrr
1393,3490,w3gvk192ct84
1394,3491,w3gv7svxsemw
1395,3492,w3gvhjd0bb3z
1396,3493,w3gv4tvs7mkc
1397,3494,w3gv7brb4usy
1398,3495,w3gv5qf9x1ku
1399,3496,w3gv5nx5dwuw
1400,3497,w3gv78kbjksn
1401,3498,w3gv774tr5kc
1402,3499,w3gv4y68nd0s
1403,3500,w3gv4z1jpyjn
1404,3501,w3gvk54j2g3c
1405,3502,w3gvd6fxvgh4
1406,3503,w3gv9bq23ybh
1407,3504,w3gv6hr033gc
1408,3505,w3gvk4dgbh5d
1409,3506,w3gv7h2w0ujy
1410,3507,w3gv6kxgbyxe
1411,3508,w3gv7fp47sg4
1412,3509,w3gv7c0t3bu2
1413,3510,w3gv5k4xzpsf
1414,3511,w3gv4tcuqvk9
1415,3512,w3gv68k0hu9w
1416,3513,w3gv7brjgx55
1417,3514,w3gvef0d9zh2
1418,3515,w3gv7sknnh4q
1419,3516,w3gv6by3e5bv
1420,3517,w3gv6c6ene0t
1421,3518,w3gv5wzcd96s
1422,3519,w3gv5wv9s9ms
1423,3520,w3gv7fuctwqr
1424,3521,w3gv7g371jwn
1425,3522,w3gv7sjdkxme
1426,3523,w3gv5tw2gbrr
1427,3524,w3gv5whfjrsp
1428,3525,w3gv5zd0b7p9
1429,3526,w3gv5qqmgst1
1430,3527,w3gv5qm8h65s
1431,3528,w3gv5wuct3kh
1432,3529,w3gv5wupq5f3
1433,3530,w3gv5j6dyy4d
1434,3531,w3gv1bpf0256
1435,3532,w3gv5xhjnn4q
1436,3533,w3gv7q283hrf
1437,3534,w3gv7nz1fesd
1438,3535,w3gv7g9310nh
1439,3536,w3gv5kpzfr86
1440,3537,w3gvd3pj9dyn
1441,3538,w3gv6wmw5qsz
1442,3539,w3gv78pf6d68
1443,3540,w3gv5zd8zg13
1444,3541,w3gv5zjthypy
1445,3542,w3gvkh0d6pqe
1446,3543,w3gvkq72rsr6
1447,3544,w3gvk5r55vtq
1448,3545,w3gv7dk0np4r
1449,3546,w3gv7ghvmeq3
1450,3547,w3gv78162f7b
1451,3548,w3gv5q2814pu
1452,3549,w3gv5qfxr5uc
1453,3550,w3gv4szz331z
1454,3551,w3gv5qcr2ec9
1455,3552,w3gv5rvskrge
1456,3553,w3gv5q978wcw
1457,3554,w3gv79w2gvx6
1458,3555,w3gv7usgvww7
1459,3556,w3gvkm894d8t
1460,3557,w3gv7q4dx1uv
1461,3558,w3gv7fgrx0fu
1462,3559,w3gv4vxnd6fk
1463,3560,w3gv6x1vwbks
1464,3561,w3gvtr897z3t
1465,3562,w3gvtpx1mpqj
1466,3563,w3gvk5dc005s
1467,3564,w3gv5z3710w5
1468,3565,w3gv5xxnem3n
1469,3566,w3gv4gvs7dz0
1470,3567,w3gv7bmtuzpg
1471,3568,w3gv5hyr734z
1472,3569,w3gv4d7mtrry
1473,3570,w3gvh1hhywwc
1474,3571,w3gvhhpf5jpj
1475,3572,w3gv4guhm4gb
1476,3573,w3gv40sg7rqf
1477,3574,w3gv5m1m0e9t
1478,3575,w3gvkmbsdx88
1479,3576,w3gv7gxngde1
1480,3577,w3gv7gdnb6x9
1481,3578,w3gv5rpj4yny
1482,3579,w3gv5q320d1s
1483,3580,w3gv4k1zyxd6
1484,3581,w3gv7exc484s
1485,3582,w3gv5qv9s37s
1486,3583,w3gv7u2w1uhq
1487,3584,w3gv7epv6e69
1488,3585,w3gv98upg88c
1489,3586,w3gvehxh68u9
1490,3587,w3gv7ghjq7k9
1491,3588,w3gv775mq7q9
1492,3589,w3gv5q1fpzer
1493,3590,w3gv5np44xsx
1494,3591,w3gvudmwtyn9
1495,3592,w3gvk188fjwd
1496,3593,w3gv6v8wbt5d
1497,3594,w3gvk46b0p5x
1498,3595,w3gvknz1ggt6
1499,3596,w3gv6k30r3bc
1500,3597,w3gv7yekp14v
1501,3598,w3gv7wzcfedd
1502,3599,w3gv7ydspc1m
1503,3600,w3gv7yxu4chv
1504,3601,w3gv6uvxeern
1505,3602,w3gv6kx5cww5
1506,3603,w3gvmhs5zyxe
1507,3604,w3gvksz1u91b
1508,3605,w3gvkgfh9ubq
1509,3606,w3gvkq6n1nsp
1510,3607,w3gvs1e3prv0
1511,3608,w3gvksw7vq85
1512,3609,w3gvs2dh15sn
1513,3610,w3gvkjpv7jz5
1514,3611,w3gvty8sk7mg
1515,3612,w3gvwq2wt0fq
1516,3613,w3gvwq9kk77g
1517,3614,w3gvtd78936m
1518,3615,w3gvwjr5w6qy
1519,3616,w3gvt9pjtffw
1520,3617,w3gvtqu60mcb
1521,3618,w3gvktr5k83b
1522,3619,w3gvts3q7qmk
1523,3620,w3gvmezuthun
1524,3621,w3gvm7fu9syq
1525,3622,w3gvmu167xre
1526,3623,w3gvg32e9pxc
1527,3624,w3gvtkrbsgfp
1528,3625,w3gvknhfw1bm
1529,3626,w3gvv0m8y94f
1530,3627,w3gvm7d142hu
1531,3628,w3gvjzew9tkw
1532,3629,w3gvkg8wg4t1
1533,3630,w3gvky326kqf
1534,3631,w3gvms5d3r67
1535,3632,w3gvtdff408t
1536,3633,w3gvt6sk0q3b
1537,3634,w3gvkykbqur4
1538,3635,w3gv7tbs9xd0
1539,3636,w3gvty5dcshe
1540,3637,w3gvtyjdzs17
1541,3638,w3gvtdfzf50d
1542,3639,w3gvmu6b63fc
1543,3640,w3gvqzxcntpp
1544,3641,w3gv7yshn3ht
1545,3642,w3gv4nr0165u
1546,3643,w3gvkmjtmtu7
1547,3644,w3gvknwkh95v
1548,3645,w3gv6fupt0gu
1549,3646,w3gvtyh6bun5
1550,3647,w3gvsqxu7e37
1551,3648,w3gvkyryhntx
1552,3649,w3gvhptwtm6n
1553,3650,w3gv5wh4npdr
1554,3651,w3gvempjfbnc
1555,3652,w3gv7u163pq5
1556,3653,w3gv7x2e3df4
1557,3654,w3gvemxp4zqc
1558,3655,w3gvepszk9zd
1559,3656,w3gv72yr7wm4
1560,3657,w3gv79twsxvx
1561,3658,w3gvd2rb2yzs
1562,3659,w3gv7yq2kk3d
1563,3660,w3gv5p6enbde
1564,3661,w3gv5peqwjkq
1565,3662,w3gv6eq74tww
1566,3663,w3gv5xzu6xfe
1567,3664,w3gv5qmtuke9
1568,3665,w3gv7fy3sq3x
1569,3666,w3gv79370g5v
1570,3667,w3gv78zz6w6d
1571,3668,w3gv79hvm2u0
1572,3669,w3gv5t4tp7xj
1573,3670,w3gvkj4v2jge
1574,3671,w3gv5wqmgux3
1575,3672,w3gv7f72pp4z
1576,3673,w3gv7fcr90yh
1577,3674,w3gv7f4druc6
1578,3675,w3gv6hrb29v9
1579,3676,w3gv6tvsersb
1580,3677,w3gv79fsx6rj
1581,3678,w3gv7djdksvd
1582,3679,w3gv720d34rb
1583,3680,w3gv6prg2dvd
1584,3681,w3gv7d97bu5f
1585,3682,w3gv6twqftnd
1586,3683,w3gv5pfsqzfe
1587,3684,w3gven16bhp7
1588,3685,w3gv7kq279v1
1589,3686,w3gv7jtwuj16
1590,3687,w3gv77370t9w
1591,3688,w3gvdrxp39y4
1592,3689,w3gvk1bsd4qt
1593,3690,w3gv7n322hr6
1594,3691,w3gv7scr8g7y
1595,3692,w3gv7fkyj9wk
1596,3693,w3gvhme2z8rr
1597,3694,w3gv5ws5wnfq
1598,3695,w3gvh54j0c1g
1599,3696,w3gufqsg7uc0
1600,3697,w3gv78w7gcx2
1601,3698,w3gvhj88f0qx
1602,3699,w3gvhj36cw04
1603,3700,w3gvhjhjnewv
1604,3701,w3gv5sdexkrj
1605,3702,w3gufmcune47
1606,3703,w3gvhp1m1w0n
1607,3704,w3gvkhzze5rn
1608,3705,w3gv5wmtust9
1609,3706,w3gv5yv9scru
1610,3707,w3gvhn8ednyw
1611,3708,w3gvh5gkr6v0
1612,3709,w3gv5tk4yn46
1613,3710,w3gvk0hfq422
1614,3711,w3gvhj76zqj4
1615,3712,w3gv7fqqh39s
1616,3713,w3gv5tfsrmr1
1617,3714,w3gvhdf13kq1
1618,3715,w3gv5wq25fpk
1619,3716,w3gv5svxk9jx
1620,3717,w3gv5t64bnj6
1621,3718,w3gv5wkvvks1
1622,3719,w3gv5rpv4q0q
1623,3720,w3gv5xfh2pv7
1624,3721,w3gv5jkfuwpd
1625,3722,w3gv4dg3mkrc
1626,3723,w3gv5qrvfk83
1627,3724,w3gv5rx0fgnc
1628,3725,w3gv71pj68u8
1629,3726,w3gv55t8sjcm
1630,3727,w3gv5qsgtncy
1631,3728,w3gv5qhfjp9z
1632,3729,w3gv5jk4vqn4
1633,3730,w3gv5hzp69hx
1634,3731,w3gvdksu7bc1
1635,3732,w3gv5nkvusx9
1636,3733,w3gv5j9q84zk
1637,3734,w3gv5j9bz83p
1638,3735,w3gv4u2tbd58
1639,3736,w3gv4vx0f26r
1640,3737,w3gv5qccxc7k
1641,3738,w3gv4yteewzn
1642,3739,w3gv6w6wnnwr
1643,3740,w3gv4vyk7j2c
1644,3741,w3gv5n3bpd1h
1645,3742,w3gv4vk4vn5f
1646,3743,w3gv4us5th7v
1647,3744,w3gv4gsnt07g
1648,3745,w3gv4dcznysw
1649,3746,w3gv4yrjfkd3
1650,3747,w3gvd2k0kqzk
1651,3748,w3gv4g9bxjyv
1652,3749,w3gv5zzu6zug
1653,3750,w3gv4tpj458m
1654,3751,w3gv4xw2fen9
1655,3752,w3gvkj4j2vcg
1656,3753,w3gvvbq2yc54
1657,3754,w3gv4udews2t
1658,3755,w3gv47d8tvuj
1659,3756,w3gufnhpspvq
1660,3757,w3gv5p1m0npq
1661,3758,w3gv4w30pd5h
1662,3759,w3gv4s3jzd50
1663,3760,w3gv4k14pm0v
1664,3761,w3gv4wrvck9c
1665,3762,w3gv6c77jg4j
1666,3763,w3gv63uhs6rm
1667,3764,w3gv4s9gwukt
1668,3765,w3gv441pyvn9
1669,3766,w3gv4hpf0tjt
1670,3767,w3gv1ymtfkw3
1671,3768,w3gv4t88b23r
1672,3769,w3gv3ezu8hcn
1673,3770,w3gv3sky4u4w
1674,3771,w3gv6pxc0tjx
1675,3772,w3gv4muu7v31
1676,3773,w3gvhetwtbqe
1677,3774,w3gvh7pv5917
1678,3775,w3gvh6z1khr9
1679,3776,w3gvhdc36hk9
1680,3777,w3gvh55mp3j5
1681,3778,w3gvhb6j9ubm
1682,3779,w3gvhenmj305
1683,3780,w3gvh5ck3db0
1684,3781,w3gvh0zp5ujk
1685,3782,w3gvh90sfydc
1686,3783,w3gvh3w2sgmu
1687,3784,w3gvhhhpyxwf
1688,3785,w3gvhtkfywhf
1689,3786,w3gv7fmwhcxu
1690,3787,w3gufq53vjtb
1691,3788,w3gv5q9gxygq
1692,3789,w3gvee932f7f
1693,3790,w3gvtprgsmpb
1694,3791,w3gv4g0t095e
1695,3792,w3gufm34x7bu
1696,3793,w3guc5xwpqhs
1697,3794,w3gv5hpzczw6
1698,3795,w3gv42qmdkum
1699,3796,w3gv4dc1rs71
1700,3797,w3gv422mxuzj
1701,3798,w3gv439yqtf3
1702,3799,w3gv1ceqktc3
1703,3800,w3gv1tcumt7c
1704,3801,w3gv40zc29tx
1705,3802,w3gv44zc2sm9
1706,3803,w3gv1z9ytvqn
1707,3804,w3gv1zd8v5pc
1708,3805,w3gvtvgt19sw
1709,3806,w3gvtdbdh0et
1710,3807,w3gvty9k7ere
1711,3808,w3gvtwvdpjz2
1712,3809,w3gvtx37emj2
1713,3810,w3gvuexceue2
1714,3811,w3gvug124mqb
1715,3812,w3gvs6upz514
1716,3813,w3gvs31m9ffq
1717,3814,w3gvtrr5tt02
1718,3815,w3gvt7wrnhwx
1719,3816,w3gvz4m0cgdu
1720,3817,w3gvwqbdjjf2
1721,3818,w3gvty6bdqdb
1722,3819,w3gvty789ws8
1723,3820,w3gvwnmwxbgw
1724,3821,w3gvve89she8
1725,3822,w3gvkpzhgfj3
1726,3823,w3gvrxs35jjx
1727,3824,w3gvwkbdj54r
1728,3825,w3gvy64559jw
1729,3826,w3gvw7s33d6d
1730,3827,w3gvwx7edt50
1731,3828,w3gvwn28sy80
1732,3829,w3gvtpvtns4z
1733,3830,w3gvecerp44y
1734,3831,w3gvtxnmyd8g
1735,3832,w3gvqk97uqeg
1736,3833,w3gvmsh62x7g
1737,3834,w3gvg95myv0u
1738,3835,w3gvtmx1msb7
1739,3836,w3gvec891zu2
1740,3837,w3gvg3q7ext1
1741,3838,w3gvg3k5tz81
1742,3839,w3gvstpvgb53
1743,3840,w3gvsvxckhve
1744,3841,w3gvs472x3mj
1745,3842,w3gv686typn7
1746,3843,w3gv6bq25h8y
1747,3844,w3gv6bucs7vm
1748,3845,w3gvfc77tzd1
1749,3846,w3gvgc0tcvhk
1750,3847,w3gvkre3ptpr
1751,3848,w3gvs24f8kmw
1752,3849,w3gvdwq2dww8
1753,3850,w3gvescrbveu
1754,3851,w3gvg1378px3
1755,3852,w3gvf5nmfpdn
1756,3853,w3gvdr10p20v
1757,3854,w3gvdrdxmcu4
1758,3855,w3gvdxcjps5p
1759,3856,w3gvdhq2d5fp
1760,3857,w3gvdnxu2eme
1761,3858,w3gvs0xh5gtq
1762,3859,w3gvgs7qyb8f
1763,3860,w3gvfggmmc65
1764,3861,w3gvfgzv39k5
1765,3862,w3gvemr5dfqy
1766,3863,w3gvf1hb56wz
1767,3864,w3gvcbwk3vbh
1768,3865,w3gv45bkrdub
1769,3866,w3gv6jd9jd9v
1770,3867,w3gv386tuzje
1771,3868,w3gvs0rn7cm3
1772,3869,w3gvvbqqwg7p
1773,3870,w3gvkpx15vjr
1774,3871,w3gvvf9ke8rw
1775,3872,w3gvtukq2yqh
1776,3873,w3gvwn6bdwt0
1777,3874,w3gvdw8s2737
1778,3875,w3gvt3dz1dnq
1779,3876,w3gvtjdz1rk3
1780,3877,w3gv5rsbv51c
1781,3878,w3gv5rxndvqy
1782,3879,w3gv5xeqwv2y
1783,3880,w3gv7g650mxw
1784,3881,w3gv79gkwf2v
1785,3882,w3gv76y3ewmp
1786,3883,w3gv76uzt0cu
1787,3884,w3gv70czrw34
1788,3885,w3gvecdp06pw
1789,3886,w3gv68e7v3xb
1790,3887,w3gv61pv28v8
1791,3888,w3gv61xn9rgz
1792,3889,w3gvtpscrr3j
1793,3890,w3gv5p88bgjc
1794,3891,w3gv60uz7qqf
1795,3892,w3gv4zbs2xge
1796,3893,w3gv6skyhh5q
1797,3894,w3gv6r6emfu4
1798,3895,w3gv3e77hjxn
1799,3896,w3gv3ek55t8y
1800,3897,w3gv3esngd8c
1801,3898,w3gvs7dc26md
1802,3899,w3gvkhyrse7y
1803,3900,w3gvkrk5r4c4
1804,3901,w3gvv0kbz314
1805,3902,w3gvf872v3pf
1806,3903,w3gvf222zcp4
1807,3904,w3gvefcrc5n4
1808,3905,w3gv7j9304xm
1809,3906,w3gvdrp018nj
1810,3907,w3gv6pt94v0x
1811,3908,w3gvf3xc8czx
1812,3909,w3gve8b9cw45
1813,3910,w3gvgsc62v7v
1814,3911,w3gve7ykgxjh
1815,3912,w3gv6ed9n0nk
1816,3913,w3gv6vr56262
1817,3914,w3gv9bg3uw17
1818,3915,w3gvfcq7ep8c
1819,3916,w3gv6bw7g18b
1820,3917,w3gv67zu8uzw
1821,3918,w3gv4qu1s3rk
1822,3919,w3gv3cwq9zbp
1823,3920,w3gv61me4g0t
1824,3921,w3gv61nm60f0
1825,3922,w3gv65vsdubw
1826,3923,w3gvs1dz045w
1827,3924,w3gv65zh9kgy
1828,3925,w3gv773gpveq
1829,3926,w3gv7h56qpk7
1830,3927,w3gv7h68qcf9
1831,3928,w3gv6v5mmvf5
1832,3929,w3gv6e9yyfs9
1833,3930,w3gv6e6enjwq
1834,3931,w3gv6wcpxtgp
1835,3932,w3gv6rhveb3h
1836,3933,w3gv3b3bjuwn
1837,3934,w3gv6sx5fn87
1838,3935,w3gv38k05s8y
1839,3936,w3gv6k3bq9f3
1840,3937,w3gv6uuzs7mq
1841,3938,w3gv6c5mmbf0
1842,3939,w3gv1vmdfqn6
1843,3940,w3gveee3qf2f
1844,3941,w3gvet1mbb5c
1845,3942,w3gvebkbmwyk
1846,3943,w3gv7zgkz44c
1847,3944,w3gv7yvxsvzz
1848,3945,w3gvebkym9q3
1849,3946,w3gvs2286wbs
1850,3947,w3gvtj9r4z2c
1851,3948,w3gvs4ufn08m
1852,3949,w3gvs6u4p09j
1853,3950,w3gvs74v8mmx
1854,3951,w3gv7zmekfzf
1855,3952,w3gvkjdc04et
1856,3953,w3gvkjpj7vv7
1857,3954,w3gvk5dnbf9c
1858,3955,w3gv7fs5ykhd
1859,3956,w3gv7fk0nrhx
1860,3957,w3gvkhzcg1p0
1861,3958,w3gvknekp3jj
1862,3959,w3gvkqupxjcp
1863,3960,w3gvs3pjs4zw
1864,3961,w3gvkrdc0mjx
1865,3962,w3gvsg5t8m7x
1866,3963,w3gvs2449hkn
1867,3964,w3gv7t2e3860
1868,3965,w3gvecd10rz8
1869,3966,w3gvedzf48dt
1870,3967,w3gveepjem3p
1871,3968,w3gvdyfdntb8
1872,3969,w3gvdvhjv05c
1873,3970,w3gvdzhbh2jm
1874,3971,w3gvehzpftss
1875,3972,w3gvep9crx3j
1876,3973,w3gvds3nrw7h
1877,3974,w3gvdy9hrgm5
1878,3975,w3gvep1200pm
1879,3976,w3gveq7qw2yw
1880,3977,w3gv7w72qu2f
1881,3978,w3gv7wsuj3hj
1882,3979,w3gv7ffp82zs
1883,3980,w3gv7mgkwrw8
1884,3981,w3gv7pw35m4z
1885,3982,w3gv6dyrd8ys
1886,3983,w3gv6stegqsg
1887,3984,w3gvvf8ss2my
1888,3985,w3gv6sv9g3hb
1889,3986,w3gv6thvkjg7
1890,3987,w3gv6sy3f9n8
1891,3988,w3gv6ubx8e7w
1892,3989,w3gv66ucey3p
1893,3990,w3gv6hy3f140
1894,3991,w3gv6m35r22b
1895,3992,w3gv6kucgc10
1896,3993,w3gv6sdeynw7
1897,3994,w3gvuf32f7wu
1898,3995,w3gvv82ws57x
